/home/inghamn/Documents/test/alfresco/BDUAC/Meetings/Agendas/2015/BDUAC.agenda.20151008.doc|2015-10-08
/home/inghamn/Documents/test/alfresco/BDUAC/Meetings/Agendas/2015/BDUAC.agenda.20150903.doc|2015-09-03
/home/inghamn/Documents/test/alfresco/BDUAC/Meetings/Agendas/2015/BDUAC.agenda.20150806.doc|2015-08-06
/home/inghamn/Documents/test/alfresco/BDUAC/Meetings/Agendas/2015/BDUAC.agenda.20150709.doc|2015-07-09
/home/inghamn/Documents/test/alfresco/BDUAC/Meetings/Agendas/2015/BDUAC.agenda.20150604.doc|2015-06-04
/home/inghamn/Documents/test/alfresco/BDUAC/Meetings/Agendas/2015/BDUAC.agenda.20150507.doc|2015-05-07
/home/inghamn/Documents/test/alfresco/BDUAC/Meetings/Agendas/2015/BDUAC.agenda.20150402.doc|2015-04-02
/home/inghamn/Documents/test/alfresco/BDUAC/Meetings/Agendas/2015/BDUAC.agenda.20150205.doc|2015-02-05
/home/inghamn/Documents/test/alfresco/BDUAC/Meetings/Agendas/2015/BDUAC.agenda.20150108.doc|2015-01-08
/home/inghamn/Documents/test/alfresco/BDUAC/Meetings/Agendas/2014/BDUAC.agenda.20141204.doc|2014-12-04
/home/inghamn/Documents/test/alfresco/BDUAC/Meetings/Agendas/2014/BDUAC.agenda.20141106.doc|2014-11-06
/home/inghamn/Documents/test/alfresco/BDUAC/Meetings/Agendas/2014/BDUAC.agenda.20141002.doc|2014-10-02
/home/inghamn/Documents/test/alfresco/BDUAC/Meetings/Agendas/2014/BDUAC.agenda.20140904.doc|2014-09-04
/home/inghamn/Documents/test/alfresco/BDUAC/Meetings/Agendas/2014/BDUAC.agenda.20140807.doc|2014-08-07
/home/inghamn/Documents/test/alfresco/BDUAC/Meetings/Agendas/2014/BDUAC.agenda.20140605.doc|2014-06-05
/home/inghamn/Documents/test/alfresco/BDUAC/Meetings/Agendas/2014/BDUAC.agenda.20140501.doc|2014-05-01
/home/inghamn/Documents/test/alfresco/BDUAC/Meetings/Agendas/2014/BDUAC.agenda.20140306.doc|2014-03-06
/home/inghamn/Documents/test/alfresco/BDUAC/Meetings/Agendas/2014/BDUAC.agenda.20140206.doc|2014-02-06
/home/inghamn/Documents/test/alfresco/BDUAC/Meetings/Agendas/2014/BDUAC.agenda.20140116.doc|2014-01-16
/home/inghamn/Documents/test/alfresco/BDUAC/Meetings/Agendas/2013/BDUAC.agenda.20131205.doc|2013-12-05
/home/inghamn/Documents/test/alfresco/BDUAC/Meetings/Agendas/2013/BDUAC.agenda.20131107.doc|2013-11-07
/home/inghamn/Documents/test/alfresco/BDUAC/Meetings/Agendas/2013/BDUAC.agenda.20131003.doc|2013-10-03
/home/inghamn/Documents/test/alfresco/BDUAC/Meetings/Agendas/2013/BDUAC.agenda.20130801.doc|2013-08-01
/home/inghamn/Documents/test/alfresco/BDUAC/Meetings/Agendas/2013/BDUAC.agenda.20130711.doc|2013-07-11
/home/inghamn/Documents/test/alfresco/BDUAC/Meetings/Agendas/2013/BDUAC.agenda.20130606.doc|2013-06-06
/home/inghamn/Documents/test/alfresco/BDUAC/Meetings/Agendas/2013/BDUAC.agenda.20130502.doc|2013-05-02
/home/inghamn/Documents/test/alfresco/BDUAC/Meetings/Agendas/2013/BDUAC.agenda.20130404.doc|2013-04-04
/home/inghamn/Documents/test/alfresco/BDUAC/Meetings/Agendas/2013/BDUAC.agenda.20130307.doc|2013-03-07
/home/inghamn/Documents/test/alfresco/BDUAC/Meetings/Agendas/2013/BDUAC.agenda.20130207.doc|2013-02-07
/home/inghamn/Documents/test/alfresco/BDUAC/Meetings/Agendas/2013/BDUAC.agenda.20130103.doc|2013-01-03
/home/inghamn/Documents/test/alfresco/BDUAC/Meetings/Agendas/2012/Uploaded to Alfresco/BDUAC.agenda.20121206.pdf|2012-12-06
/home/inghamn/Documents/test/alfresco/BDUAC/Meetings/Agendas/2012/Uploaded to Alfresco/BDUAC.agenda.20121101.pdf|2012-11-01
/home/inghamn/Documents/test/alfresco/BDUAC/Meetings/Agendas/2012/Uploaded to Alfresco/BDUAC.agenda.20121004.pdf|2012-10-04
/home/inghamn/Documents/test/alfresco/BDUAC/Meetings/Agendas/2012/Uploaded to Alfresco/BDUAC.agenda.20120913.pdf|2012-09-13
/home/inghamn/Documents/test/alfresco/BDUAC/Meetings/Agendas/2012/Uploaded to Alfresco/BDUAC.agenda.20120802.pdf|2012-08-02
/home/inghamn/Documents/test/alfresco/BDUAC/Meetings/Agendas/2012/Uploaded to Alfresco/BDUAC.agenda.20120705.pdf|2012-07-05
/home/inghamn/Documents/test/alfresco/BDUAC/Meetings/Agendas/2012/Uploaded to Alfresco/BDUAC.agenda.20120607.pdf|2012-06-07
/home/inghamn/Documents/test/alfresco/BDUAC/Meetings/Agendas/2012/Uploaded to Alfresco/BDUAC.agenda.20120503.pdf|2012-05-03
/home/inghamn/Documents/test/alfresco/BDUAC/Meetings/Agendas/2012/Uploaded to Alfresco/BDUAC.agenda.20120405.pdf|2012-04-05
/home/inghamn/Documents/test/alfresco/BDUAC/Meetings/Agendas/2012/Uploaded to Alfresco/BDUAC.agenda.20120202.pdf|2012-02-02
/home/inghamn/Documents/test/alfresco/BDUAC/Meetings/Agendas/2012/Uploaded to Alfresco/BDUAC.agenda.20120105.pdf|2012-01-05
/home/inghamn/Documents/test/alfresco/BDUAC/Meetings/Agendas/2011/Uploaded to Alfresco/BDUAC.agenda.20111103.pdf|2011-11-03
/home/inghamn/Documents/test/alfresco/BDUAC/Meetings/Agendas/2011/Uploaded to Alfresco/BDUAC.agenda.20111006.pdf|2011-10-06
/home/inghamn/Documents/test/alfresco/BDUAC/Meetings/Agendas/2011/Uploaded to Alfresco/BDUAC.agenda.20110901.pdf|2011-09-01
/home/inghamn/Documents/test/alfresco/BDUAC/Meetings/Agendas/2011/Uploaded to Alfresco/BDUAC.agenda.20110804.pdf|2011-08-04
/home/inghamn/Documents/test/alfresco/BDUAC/Meetings/Agendas/2011/Uploaded to Alfresco/BDUAC.agenda.20110707.pdf|2011-07-07
/home/inghamn/Documents/test/alfresco/BDUAC/Meetings/Agendas/2011/Uploaded to Alfresco/BDUAC.agenda.20110602.pdf|2011-06-02
/home/inghamn/Documents/test/alfresco/BDUAC/Meetings/Agendas/2011/Uploaded to Alfresco/BDUAC.agenda.20110505.pdf|2011-05-05
/home/inghamn/Documents/test/alfresco/BDUAC/Meetings/Agendas/2011/Uploaded to Alfresco/BDUAC.agenda.20110407.pdf|2011-04-07
/home/inghamn/Documents/test/alfresco/BDUAC/Meetings/Agendas/2011/Uploaded to Alfresco/BDUAC.agenda.20110303.pdf|2011-03-03
/home/inghamn/Documents/test/alfresco/BDUAC/Meetings/Agendas/2011/Uploaded to Alfresco/BDUAC.agenda.20110203.pdf|2011-02-03
/home/inghamn/Documents/test/alfresco/BDUAC/Meetings/Agendas/2011/Uploaded to Alfresco/BDUAC.agenda.20110106.pdf|2011-01-06
/home/inghamn/Documents/test/alfresco/BDUAC/Meetings/Agendas/2010/Uploaded to Alfresco/BDUAC.agenda.20101202.pdf|2010-12-02
/home/inghamn/Documents/test/alfresco/BDUAC/Meetings/Agendas/2010/Uploaded to Alfresco/BDUAC.agenda.20101104.pdf|2010-11-04
/home/inghamn/Documents/test/alfresco/BDUAC/Meetings/Agendas/2010/Uploaded to Alfresco/BDUAC.agenda.20101007 copy.pdf|2010-10-07
/home/inghamn/Documents/test/alfresco/BDUAC/Meetings/Agendas/2010/Uploaded to Alfresco/BDUAC.agenda.20100902.pdf|2010-09-02
/home/inghamn/Documents/test/alfresco/BDUAC/Meetings/Agendas/2010/Uploaded to Alfresco/BDUAC.agenda.20100805.pdf|2010-08-05
/home/inghamn/Documents/test/alfresco/BDUAC/Meetings/Agendas/2010/Uploaded to Alfresco/BDUAC.agenda.20100701.pdf|2010-07-01
/home/inghamn/Documents/test/alfresco/BDUAC/Meetings/Agendas/2010/Uploaded to Alfresco/BDUAC.agenda.20100603 copy.pdf|2010-06-03
/home/inghamn/Documents/test/alfresco/BDUAC/Meetings/Agendas/2010/Uploaded to Alfresco/BDUAC.agenda.20100401.pdf|2010-04-01
/home/inghamn/Documents/test/alfresco/BDUAC/Meetings/Agendas/2010/Uploaded to Alfresco/BDUAC.agenda.20100204.pdf|2010-02-04
/home/inghamn/Documents/test/alfresco/BDUAC/Meetings/Agendas/2010/Uploaded to Alfresco/BDUAC.agenda.20100107.pdf|2010-01-07
/home/inghamn/Documents/test/alfresco/BDUAC/Meetings/Agendas/2009/Uploaded to Alfresco/BDUAC.agenda.20090903.pdf|2009-09-03
/home/inghamn/Documents/test/alfresco/BDUAC/Meetings/Agendas/2009/Uploaded to Alfresco/BDUAC.agenda.20090806.pdf|2009-08-06
/home/inghamn/Documents/test/alfresco/BDUAC/Meetings/Agendas/2009/Uploaded to Alfresco/BDUAC.agenda.20090702.pdf|2009-07-02
/home/inghamn/Documents/test/alfresco/BDUAC/Meetings/Agendas/2009/Uploaded to Alfresco/BDUAC.agenda.20090507.pdf|2009-05-07
/home/inghamn/Documents/test/alfresco/BDUAC/Meetings/Agendas/2009/Uploaded to Alfresco/BDUAC.agenda.20090402.pdf|2009-04-02
/home/inghamn/Documents/test/alfresco/BDUAC/Meetings/Agendas/2009/Uploaded to Alfresco/BDUAC.agenda.20090305.pdf|2009-03-05
/home/inghamn/Documents/test/alfresco/BDUAC/Meetings/Agendas/2009/Uploaded to Alfresco/BDUAC.agenda.20090205.pdf|2009-02-05
/home/inghamn/Documents/test/alfresco/BDUAC/Meetings/Agendas/2009/Uploaded to Alfresco/BDUAC.agenda.20090108.pdf|2009-01-08
/home/inghamn/Documents/test/alfresco/BDUAC/Meetings/Agendas/2008/Uploaded to Alfresco/BDUAC.agenda.20081204.pdf|2008-12-04
/home/inghamn/Documents/test/alfresco/BDUAC/Meetings/Agendas/2008/Uploaded to Alfresco/BDUAC.agenda.20080904.pdf|2008-09-04
/home/inghamn/Documents/test/alfresco/BDUAC/Meetings/Agendas/2008/Uploaded to Alfresco/BDUAC.agenda.20080710.pdf|2008-07-10
/home/inghamn/Documents/test/alfresco/BDUAC/Meetings/Agendas/2008/Uploaded to Alfresco/BDUAC.agenda.20080306.pdf|2008-03-06
/home/inghamn/Documents/test/alfresco/BDUAC/Meetings/Agendas/2008/Uploaded to Alfresco/BDUAC.agenda.20080117.pdf|2008-01-17
/home/inghamn/Documents/test/alfresco/BDUAC/Meetings/Agendas/2007/Uploaded to Alfresco/BDUAC.agenda.20071206.pdf|2007-12-06
/home/inghamn/Documents/test/alfresco/BDUAC/Meetings/Agendas/2007/Uploaded to Alfresco/BDUAC.agenda.20070920.pdf|2007-09-20
/home/inghamn/Documents/test/alfresco/BDUAC/Meetings/Agendas/2007/Uploaded to Alfresco/BDUAC.agenda.20070712.pdf|2007-07-12
/home/inghamn/Documents/test/alfresco/BDUAC/Meetings/Agendas/2007/Uploaded to Alfresco/BDUAC.agenda.20070607 - Notepad.pdf|2007-06-07
/home/inghamn/Documents/test/alfresco/BDUAC/Meetings/Agendas/2007/Uploaded to Alfresco/BDUAC.agenda.20070503 - Notepad.pdf|2007-05-03
/home/inghamn/Documents/test/alfresco/BDUAC/Meetings/Agendas/2007/Uploaded to Alfresco/BDUAC.agenda.20070405 - Notepad.pdf|2007-04-05
/home/inghamn/Documents/test/alfresco/BDUAC/Meetings/Agendas/2007/Uploaded to Alfresco/BDUAC.agenda.20070301 - Notepad.pdf|2007-03-01
/home/inghamn/Documents/test/alfresco/BDUAC/Meetings/Agendas/2007/Uploaded to Alfresco/BDUAC.agenda.20070201 - Notepad.pdf|2007-02-01
/home/inghamn/Documents/test/alfresco/BDUAC/Meetings/Agendas/2007/Uploaded to Alfresco/BDUAC.agenda.20070118 - Notepad.pdf|2007-01-18
/home/inghamn/Documents/test/alfresco/BDUAC/Meetings/Agendas/2006/Uploaded to Alfresco/BDUAC.agenda.20061207 - Notepad.pdf|2006-12-07
/home/inghamn/Documents/test/alfresco/BDUAC/Meetings/Agendas/2006/Uploaded to Alfresco/BDUAC.agenda.20060713 - Notepad.pdf|2006-07-07
/home/inghamn/Documents/test/alfresco/BDUAC/Meetings/Agendas/2006/Uploaded to Alfresco/BDUAC.agenda.20060504 - Notepad.pdf|2006-05-04
/home/inghamn/Documents/test/alfresco/BDUAC/Meetings/Agendas/2005/Uploaded to Alfresco/BDUAC.agenda.20051103 - Notepad.pdf|2005-11-03
/home/inghamn/Documents/test/alfresco/BDUAC/Meetings/Agendas/2005/Uploaded to Alfresco/BDUAC.agenda.20050804 - Notepad.pdf|2005-08-04
/home/inghamn/Documents/test/alfresco/BDUAC/Meetings/Agendas/2005/Uploaded to Alfresco/BDUAC.agenda.20050707 - Notepad.pdf|2005-07-07
/home/inghamn/Documents/test/alfresco/BDUAC/Meetings/Agendas/2005/Uploaded to Alfresco/BDUAC.agenda.20050616 - Notepad.pdf|2005-06-16
/home/inghamn/Documents/test/alfresco/BDUAC/Meetings/Agendas/2005/Uploaded to Alfresco/BDUAC.agenda.20050603.pdf|2005-07-01
/home/inghamn/Documents/test/alfresco/BDUAC/Meetings/Agendas/2005/Uploaded to Alfresco/BDUAC.agenda.20050519 - Notepad.pdf|2005-05-19
/home/inghamn/Documents/test/alfresco/BDUAC/Meetings/Agendas/2005/Uploaded to Alfresco/BDUAC.agenda.20050505 - Notepad.pdf|2005-05-05
/home/inghamn/Documents/test/alfresco/BDUAC/Meetings/Agendas/2005/Uploaded to Alfresco/BDUAC.agenda.20050203 - Notepad.pdf|2005-02-03
/home/inghamn/Documents/test/alfresco/BDUAC/Meetings/Agendas/2005/Uploaded to Alfresco/BDUAC.agenda.20050105 - Notepad.pdf|2005-01-06
/home/inghamn/Documents/test/alfresco/BDUAC/Meetings/Agendas/2004/Uploaded to Alfresco/BDUAC.agenda.20041104.pdf|2004-11-04
/home/inghamn/Documents/test/alfresco/BDUAC/Meetings/Agendas/2004/Uploaded to Alfresco/BDUAC.agenda.20041007.pdf|2004-10-07
/home/inghamn/Documents/test/alfresco/BDUAC/Meetings/Agendas/2004/Uploaded to Alfresco/BDUAC.agenda.20040902.pdf|2004-09-02
/home/inghamn/Documents/test/alfresco/BDUAC/Meetings/Agendas/2004/Uploaded to Alfresco/BDUAC.agenda.20040805.pdf|2004-08-05
/home/inghamn/Documents/test/alfresco/BDUAC/Meetings/Agendas/2004/Uploaded to Alfresco/BDUAC.agenda.20040506.pdf|2004-06-03
/home/inghamn/Documents/test/alfresco/BDUAC/Meetings/Agendas/2004/Uploaded to Alfresco/BDUAC.agenda.20040422.pdf|2004-04-22
/home/inghamn/Documents/test/alfresco/BDUAC/Meetings/Agendas/2004/Uploaded to Alfresco/BDUAC.agenda.20040408.pdf|2004-04-08
/home/inghamn/Documents/test/alfresco/BDUAC/Meetings/Agendas/2004/Uploaded to Alfresco/BDUAC.agenda.20040325.pdf|2004-03-25
/home/inghamn/Documents/test/alfresco/BDUAC/Meetings/Agendas/2004/Uploaded to Alfresco/BDUAC.agenda.20040304.pdf|2004-03-04
